// Insertion des clients dans la table CLIENT
INSERT INTO CLIENT (ID_CLIENT, NOM, PRENOM, CIVILITE, POSTE, MOBILE, ADRESSE, EMAIL, VILLE, CODE_POSTAL, PAYS) 
VALUES (1, 'DUPONT', 'Jean', 'Mr', 'Ingénieur', '+33606060601', '1 Rue de Paris', 'jean.dupont@mail.com', 'Paris', '75001', 'France');

INSERT INTO CLIENT (ID_CLIENT, NOM, PRENOM, CIVILITE, POSTE, MOBILE, ADRESSE, EMAIL, VILLE, CODE_POSTAL, PAYS)
VALUES (2, 'MARTIN', 'Alice', 'Mme', 'Professeur', '+33606060602', '2 Avenue de la République', 'alice.martin@mail.com', 'Lyon', '69001', 'France');

INSERT INTO CLIENT (ID_CLIENT, NOM, PRENOM, CIVILITE, POSTE, MOBILE, ADRESSE, EMAIL, VILLE, CODE_POSTAL, PAYS)
VALUES (3, 'LECLERC', 'Pierre', 'Mr', 'Docteur', '+33606060603', '3 Boulevard Victor', 'pierre.leclerc@mail.com', 'Marseille', '13001', 'France');

INSERT INTO CLIENT (ID_CLIENT, NOM, PRENOM, CIVILITE, POSTE, MOBILE, ADRESSE, EMAIL, VILLE, CODE_POSTAL, PAYS)
VALUES (4, 'BERNARD', 'Lucie', 'Mme', 'Avocate', '+33606060604', '4 Rue de l’Université', 'lucie.bernard@mail.com', 'Nice', '06000', 'France');

INSERT INTO CLIENT (ID_CLIENT, NOM, PRENOM, CIVILITE, POSTE, MOBILE, ADRESSE, EMAIL, VILLE, CODE_POSTAL, PAYS)
VALUES (5, 'MOREAU', 'Sophie', 'Mlle', 'Designer', '+33606060605', '5 Avenue des Champs', 'sophie.moreau@mail.com', 'Bordeaux', '33000', 'France');

INSERT INTO CLIENT (ID_CLIENT, NOM, PRENOM, CIVILITE, POSTE, MOBILE, ADRESSE, EMAIL, VILLE, CODE_POSTAL, PAYS)
VALUES (6, 'PETIT', 'Marc', 'Mr', 'Chef de projet', '+33606060606', '6 Rue de la Liberté', 'marc.petit@mail.com', 'Toulouse', '31000', 'France');

INSERT INTO CLIENT (ID_CLIENT, NOM, PRENOM, CIVILITE, POSTE, MOBILE, ADRESSE, EMAIL, VILLE, CODE_POSTAL, PAYS)
VALUES (7, 'GARCIA', 'Julie', 'Mme', 'Médecin', '+33606060607', '7 Avenue de la Gare', 'julie.garcia@mail.com', 'Lille', '59000', 'France');

INSERT INTO CLIENT (ID_CLIENT, NOM, PRENOM, CIVILITE, POSTE, MOBILE, ADRESSE, EMAIL, VILLE, CODE_POSTAL, PAYS)
VALUES (8, 'LOPEZ', 'Antonio', 'Mr', 'Architecte', '+33606060608', '8 Rue des Arts', 'antonio.lopez@mail.com', 'Strasbourg', '67000', 'France');

INSERT INTO CLIENT (ID_CLIENT, NOM, PRENOM, CIVILITE, POSTE, MOBILE, ADRESSE, EMAIL, VILLE, CODE_POSTAL, PAYS)
VALUES (9, 'ROUX', 'Clara', 'Mlle', 'Etudiante', '+33606060609', '9 Rue de la République', 'clara.roux@mail.com', 'Grenoble', '38000', 'France');

INSERT INTO CLIENT (ID_CLIENT, NOM, PRENOM, CIVILITE, POSTE, MOBILE, ADRESSE, EMAIL, VILLE, CODE_POSTAL, PAYS)
VALUES (10, 'BLANC', 'David', 'Mr', 'Commercial', '+33606060610', '10 Rue de la Gare', 'david.blanc@mail.com', 'Montpellier', '34000', 'France');

INSERT INTO CLIENT (ID_CLIENT, NOM, PRENOM, CIVILITE, POSTE, MOBILE, ADRESSE, EMAIL, VILLE, CODE_POSTAL, PAYS)
VALUES (11, 'FOURNIER', 'Louise', 'Mme', 'Consultante', '+33606060611', '11 Rue de Paris', 'louise.fournier@mail.com', 'Lyon', '69001', 'France');

INSERT INTO CLIENT (ID_CLIENT, NOM, PRENOM, CIVILITE, POSTE, MOBILE, ADRESSE, EMAIL, VILLE, CODE_POSTAL, PAYS)
VALUES (12, 'DURAND', 'Paul', 'Mr', 'Analyste', '+33606060612', '12 Rue de la Liberté', 'paul.durand@mail.com', 'Bordeaux', '33000', 'France');

INSERT INTO CLIENT (ID_CLIENT, NOM, PRENOM, CIVILITE, POSTE, MOBILE, ADRESSE, EMAIL, VILLE, CODE_POSTAL, PAYS)
VALUES (13, 'GOMEZ', 'Eva', 'Mlle', 'Styliste', '+33606060613', '13 Rue des Arts', 'eva.gomez@mail.com', 'Marseille', '13001', 'France');

INSERT INTO CLIENT (ID_CLIENT, NOM, PRENOM, CIVILITE, POSTE, MOBILE, ADRESSE, EMAIL, VILLE, CODE_POSTAL, PAYS)
VALUES (14, 'ROBERT', 'Tom', 'Mr', 'Développeur', '+33606060614', '14 Avenue de la République', 'tom.robert@mail.com', 'Paris', '75001', 'France');

INSERT INTO CLIENT (ID_CLIENT, NOM, PRENOM, CIVILITE, POSTE, MOBILE, ADRESSE, EMAIL, VILLE, CODE_POSTAL, PAYS)
VALUES (15, 'LEROY', 'Marie', 'Mme', 'Directrice', '+33606060615', '15 Rue de la Liberté', 'marie.leroy@mail.com', 'Nice', '06000', 'France');

INSERT INTO CLIENT (ID_CLIENT, NOM, PRENOM, CIVILITE, POSTE, MOBILE, ADRESSE, EMAIL, VILLE, CODE_POSTAL, PAYS)
VALUES (16, 'FAURE', 'Lucas', 'Mr', 'Photographe', '+33606060616', '16 Rue des Beaux-Arts', 'lucas.faure@mail.com', 'Montpellier', '34000', 'France');

INSERT INTO CLIENT (ID_CLIENT, NOM, PRENOM, CIVILITE, POSTE, MOBILE, ADRESSE, EMAIL, VILLE, CODE_POSTAL, PAYS)
VALUES (17, 'MERCIER', 'Chloé', 'Mlle', 'Chercheuse', '+33606060617', '17 Avenue de l’Université', 'chloe.mercier@mail.com', 'Toulouse', '31000', 'France');

INSERT INTO CLIENT (ID_CLIENT, NOM, PRENOM, CIVILITE, POSTE, MOBILE, ADRESSE, EMAIL, VILLE, CODE_POSTAL, PAYS)
VALUES (18, 'FERNANDEZ', 'Hugo', 'Mr', 'Électricien', '+33606060618', '18 Rue des Champs', 'hugo.fernandez@mail.com', 'Lille', '59000', 'France');

INSERT INTO CLIENT (ID_CLIENT, NOM, PRENOM, CIVILITE, POSTE, MOBILE, ADRESSE, EMAIL, VILLE, CODE_POSTAL, PAYS)
VALUES (19, 'RICHARD', 'Manon', 'Mme', 'Infirmière', '+33606060619', '19 Rue de l’Hôpital', 'manon.richard@mail.com', 'Grenoble', '38000', 'France');

INSERT INTO CLIENT (ID_CLIENT, NOM, PRENOM, CIVILITE, POSTE, MOBILE, ADRESSE, EMAIL, VILLE, CODE_POSTAL, PAYS)
VALUES (20, 'BENOIT', 'Julien', 'Mr', 'Journaliste', '+33606060620', '20 Avenue de la Liberté', 'julien.benoit@mail.com', 'Strasbourg', '67000', 'France');

// Insertion des chambres dans la table CHAMBRE

INSERT INTO CHAMBRE (ID_CHAMBRE, NUMERO_CHAMBRE, CATEGORIE, TARIF, DISPONIBLE, EN_NETTOYAGE, BESOIN_MAINTENANCE)
VALUES (1, 101, 'Standard', 80.00, 1, 0, 0);

INSERT INTO CHAMBRE (ID_CHAMBRE, NUMERO_CHAMBRE, CATEGORIE, TARIF, DISPONIBLE, EN_NETTOYAGE, BESOIN_MAINTENANCE)
VALUES (2, 102, 'Deluxe', 120.00, 0, 0, 0);

INSERT INTO CHAMBRE (ID_CHAMBRE, NUMERO_CHAMBRE, CATEGORIE, TARIF, DISPONIBLE, EN_NETTOYAGE, BESOIN_MAINTENANCE)
VALUES (3, 103, 'Suite', 200.00, 1, 1, 0);

INSERT INTO CHAMBRE (ID_CHAMBRE, NUMERO_CHAMBRE, CATEGORIE, TARIF, DISPONIBLE, EN_NETTOYAGE, BESOIN_MAINTENANCE)
VALUES (4, 104, 'Lit Double', 90.00, 1, 0, 1);

INSERT INTO CHAMBRE (ID_CHAMBRE, NUMERO_CHAMBRE, CATEGORIE, TARIF, DISPONIBLE, EN_NETTOYAGE, BESOIN_MAINTENANCE)
VALUES (5, 105, 'Standard', 85.00, 0, 0, 0);

INSERT INTO CHAMBRE (ID_CHAMBRE, NUMERO_CHAMBRE, CATEGORIE, TARIF, DISPONIBLE, EN_NETTOYAGE, BESOIN_MAINTENANCE)
VALUES (6, 106, 'Deluxe', 130.00, 1, 0, 1);

INSERT INTO CHAMBRE (ID_CHAMBRE, NUMERO_CHAMBRE, CATEGORIE, TARIF, DISPONIBLE, EN_NETTOYAGE, BESOIN_MAINTENANCE)
VALUES (7, 107, 'Suite', 210.00, 1, 0, 0);

INSERT INTO CHAMBRE (ID_CHAMBRE, NUMERO_CHAMBRE, CATEGORIE, TARIF, DISPONIBLE, EN_NETTOYAGE, BESOIN_MAINTENANCE)
VALUES (8, 108, 'Lit Double', 95.00, 0, 0, 0);

INSERT INTO CHAMBRE (ID_CHAMBRE, NUMERO_CHAMBRE, CATEGORIE, TARIF, DISPONIBLE, EN_NETTOYAGE, BESOIN_MAINTENANCE)
VALUES (9, 109, 'Standard', 80.00, 0, 1, 0);

INSERT INTO CHAMBRE (ID_CHAMBRE, NUMERO_CHAMBRE, CATEGORIE, TARIF, DISPONIBLE, EN_NETTOYAGE, BESOIN_MAINTENANCE)
VALUES (10, 110, 'Deluxe', 125.00, 1, 0, 1);

INSERT INTO CHAMBRE (ID_CHAMBRE, NUMERO_CHAMBRE, CATEGORIE, TARIF, DISPONIBLE, EN_NETTOYAGE, BESOIN_MAINTENANCE)
VALUES (11, 111, 'Suite', 195.00, 0, 0, 0);

INSERT INTO CHAMBRE (ID_CHAMBRE, NUMERO_CHAMBRE, CATEGORIE, TARIF, DISPONIBLE, EN_NETTOYAGE, BESOIN_MAINTENANCE)
VALUES (12, 112, 'Lit Double', 100.00, 0, 0, 0);

INSERT INTO CHAMBRE (ID_CHAMBRE, NUMERO_CHAMBRE, CATEGORIE, TARIF, DISPONIBLE, EN_NETTOYAGE, BESOIN_MAINTENANCE)
VALUES (13, 113, 'Standard', 82.00, 1, 1, 0);

INSERT INTO CHAMBRE (ID_CHAMBRE, NUMERO_CHAMBRE, CATEGORIE, TARIF, DISPONIBLE, EN_NETTOYAGE, BESOIN_MAINTENANCE)
VALUES (14, 114, 'Deluxe', 122.00, 0, 0, 0);

INSERT INTO CHAMBRE (ID_CHAMBRE, NUMERO_CHAMBRE, CATEGORIE, TARIF, DISPONIBLE, EN_NETTOYAGE, BESOIN_MAINTENANCE)
VALUES (15, 115, 'Suite', 205.00, 0, 1, 1);

INSERT INTO CHAMBRE (ID_CHAMBRE, NUMERO_CHAMBRE, CATEGORIE, TARIF, DISPONIBLE, EN_NETTOYAGE, BESOIN_MAINTENANCE)
VALUES (16, 116, 'Lit Double', 92.00, 0, 0, 0);

INSERT INTO CHAMBRE (ID_CHAMBRE, NUMERO_CHAMBRE, CATEGORIE, TARIF, DISPONIBLE, EN_NETTOYAGE, BESOIN_MAINTENANCE)
VALUES (17, 117, 'Standard', 85.00, 0, 0, 0);

INSERT INTO CHAMBRE (ID_CHAMBRE, NUMERO_CHAMBRE, CATEGORIE, TARIF, DISPONIBLE, EN_NETTOYAGE, BESOIN_MAINTENANCE)
VALUES (18, 118, 'Deluxe', 132.00, 0, 1, 0);

INSERT INTO CHAMBRE (ID_CHAMBRE, NUMERO_CHAMBRE, CATEGORIE, TARIF, DISPONIBLE, EN_NETTOYAGE, BESOIN_MAINTENANCE)
VALUES (19, 119, 'Suite', 210.00, 0, 0, 0);

INSERT INTO CHAMBRE (ID_CHAMBRE, NUMERO_CHAMBRE, CATEGORIE, TARIF, DISPONIBLE, EN_NETTOYAGE, BESOIN_MAINTENANCE)
VALUES (20, 120, 'Lit Double', 98.00, 0, 0, 0);

// Insertion des réservation dans la table RESERVATION

INSERT INTO RESERVATION (ID_RESERVATION, ID_CLIENT, ID_CHAMBRE, DATE_DEBUT, DATE_FIN)
VALUES (1, 1, 2, TO_DATE('2024-10-01 14:00:00', 'YYYY-MM-DD HH24:MI:SS'), TO_DATE('2024-10-05 12:00:00', 'YYYY-MM-DD HH24:MI:SS'));

INSERT INTO RESERVATION (ID_RESERVATION, ID_CLIENT, ID_CHAMBRE, DATE_DEBUT, DATE_FIN)
VALUES (2, 2, 1, TO_DATE('2024-10-02 15:00:00', 'YYYY-MM-DD HH24:MI:SS'), TO_DATE('2024-10-06 11:00:00', 'YYYY-MM-DD HH24:MI:SS'));

INSERT INTO RESERVATION (ID_RESERVATION, ID_CLIENT, ID_CHAMBRE, DATE_DEBUT, DATE_FIN)
VALUES (3, 3, 14, TO_DATE('2024-10-03 16:00:00', 'YYYY-MM-DD HH24:MI:SS'), TO_DATE('2024-10-07 10:00:00', 'YYYY-MM-DD HH24:MI:SS'));

INSERT INTO RESERVATION (ID_RESERVATION, ID_CLIENT, ID_CHAMBRE, DATE_DEBUT, DATE_FIN)
VALUES (4, 4, 12, TO_DATE('2024-10-04 17:00:00', 'YYYY-MM-DD HH24:MI:SS'), TO_DATE('2024-10-08 09:00:00', 'YYYY-MM-DD HH24:MI:SS'));

INSERT INTO RESERVATION (ID_RESERVATION, ID_CLIENT, ID_CHAMBRE, DATE_DEBUT, DATE_FIN)
VALUES (5, 5, 20, TO_DATE('2024-10-05 18:00:00', 'YYYY-MM-DD HH24:MI:SS'), TO_DATE('2024-10-09 08:00:00', 'YYYY-MM-DD HH24:MI:SS'));

INSERT INTO RESERVATION (ID_RESERVATION, ID_CLIENT, ID_CHAMBRE, DATE_DEBUT, DATE_FIN)
VALUES (6, 6, 19, TO_DATE('2024-10-06 19:00:00', 'YYYY-MM-DD HH24:MI:SS'), TO_DATE('2024-10-10 07:00:00', 'YYYY-MM-DD HH24:MI:SS'));

INSERT INTO RESERVATION (ID_RESERVATION, ID_CLIENT, ID_CHAMBRE, DATE_DEBUT, DATE_FIN)
VALUES (7, 7, 16, TO_DATE('2024-10-07 20:00:00', 'YYYY-MM-DD HH24:MI:SS'), TO_DATE('2024-10-11 12:00:00', 'YYYY-MM-DD HH24:MI:SS'));

INSERT INTO RESERVATION (ID_RESERVATION, ID_CLIENT, ID_CHAMBRE, DATE_DEBUT, DATE_FIN)
VALUES (8, 8, 17, TO_DATE('2024-10-08 21:00:00', 'YYYY-MM-DD HH24:MI:SS'), TO_DATE('2024-10-12 10:00:00', 'YYYY-MM-DD HH24:MI:SS'));

INSERT INTO RESERVATION (ID_RESERVATION, ID_CLIENT, ID_CHAMBRE, DATE_DEBUT, DATE_FIN)
VALUES (9, 9, 11, TO_DATE('2024-10-09 22:00:00', 'YYYY-MM-DD HH24:MI:SS'), TO_DATE('2024-10-13 09:00:00', 'YYYY-MM-DD HH24:MI:SS'));

INSERT INTO RESERVATION (ID_RESERVATION, ID_CLIENT, ID_CHAMBRE, DATE_DEBUT, DATE_FIN)
VALUES (10, 10, 8, TO_DATE('2024-10-10 23:00:00', 'YYYY-MM-DD HH24:MI:SS'), TO_DATE('2024-10-14 08:00:00', 'YYYY-MM-DD HH24:MI:SS'));

INSERT INTO RESERVATION (ID_RESERVATION, ID_CLIENT, ID_CHAMBRE, DATE_DEBUT, DATE_FIN)
VALUES (11, 11, 7, TO_DATE('2024-10-11 14:00:00', 'YYYY-MM-DD HH24:MI:SS'), TO_DATE('2024-10-15 12:00:00', 'YYYY-MM-DD HH24:MI:SS'));

INSERT INTO RESERVATION (ID_RESERVATION, ID_CLIENT, ID_CHAMBRE, DATE_DEBUT, DATE_FIN)
VALUES (12, 12, 5, TO_DATE('2024-10-12 15:00:00', 'YYYY-MM-DD HH24:MI:SS'), TO_DATE('2024-10-16 11:00:00', 'YYYY-MM-DD HH24:MI:SS'));

INSERT INTO RESERVATION (ID_RESERVATION, ID_CLIENT, ID_CHAMBRE, DATE_DEBUT, DATE_FIN)
VALUES (13, 13, 18, TO_DATE('2024-10-13 16:00:00', 'YYYY-MM-DD HH24:MI:SS'), TO_DATE('2024-10-17 10:00:00', 'YYYY-MM-DD HH24:MI:SS'));

INSERT INTO RESERVATION (ID_RESERVATION, ID_CLIENT, ID_CHAMBRE, DATE_DEBUT, DATE_FIN)
VALUES (14, 14, 13, TO_DATE('2024-10-14 17:00:00', 'YYYY-MM-DD HH24:MI:SS'), TO_DATE('2024-10-18 09:00:00', 'YYYY-MM-DD HH24:MI:SS'));

INSERT INTO RESERVATION (ID_RESERVATION, ID_CLIENT, ID_CHAMBRE, DATE_DEBUT, DATE_FIN)
VALUES (15, 15, 9, TO_DATE('2024-10-15 18:00:00', 'YYYY-MM-DD HH24:MI:SS'), TO_DATE('2024-10-19 08:00:00', 'YYYY-MM-DD HH24:MI:SS'));

// Insertion des factures dans la table FACTURE

INSERT INTO FACTURE (ID_FACTURE, MONTANT_TOTAL_FACTURE, DATE_FACTURE, ID_RESERVATION)
VALUES (1, 500.00, TO_TIMESTAMP('2024-10-5 14:30:00', 'YYYY-MM-DD HH24:MI:SS'), 1);

INSERT INTO FACTURE (ID_FACTURE, MONTANT_TOTAL_FACTURE, DATE_FACTURE, ID_RESERVATION)
VALUES (2, 400.00, TO_TIMESTAMP('2024-10-6 15:00:00', 'YYYY-MM-DD HH24:MI:SS'), 2);

INSERT INTO FACTURE (ID_FACTURE, MONTANT_TOTAL_FACTURE, DATE_FACTURE, ID_RESERVATION)
VALUES (3, 490.00, TO_TIMESTAMP('2024-10-7 09:45:00', 'YYYY-MM-DD HH24:MI:SS'), 3);

INSERT INTO FACTURE (ID_FACTURE, MONTANT_TOTAL_FACTURE, DATE_FACTURE, ID_RESERVATION)
VALUES (4, 420.75, TO_TIMESTAMP('2024-10-8 18:15:00', 'YYYY-MM-DD HH24:MI:SS'), 4);

INSERT INTO FACTURE (ID_FACTURE, MONTANT_TOTAL_FACTURE, DATE_FACTURE, ID_RESERVATION)
VALUES (5, 392.00, TO_TIMESTAMP('2024-10-9 13:30:00', 'YYYY-MM-DD HH24:MI:SS'), 5);

INSERT INTO FACTURE (ID_FACTURE, MONTANT_TOTAL_FACTURE, DATE_FACTURE, ID_RESERVATION)
VALUES (6, 840.00, TO_TIMESTAMP('2024-10-10 10:20:00', 'YYYY-MM-DD HH24:MI:SS'), 6);

INSERT INTO FACTURE (ID_FACTURE, MONTANT_TOTAL_FACTURE, DATE_FACTURE, ID_RESERVATION)
VALUES (7, 367.50, TO_TIMESTAMP('2024-10-11 16:45:00', 'YYYY-MM-DD HH24:MI:SS'), 7);

INSERT INTO FACTURE (ID_FACTURE, MONTANT_TOTAL_FACTURE, DATE_FACTURE, ID_RESERVATION)
VALUES (8, 340.00, TO_TIMESTAMP('2024-10-12 11:30:00', 'YYYY-MM-DD HH24:MI:SS'), 8);

INSERT INTO FACTURE (ID_FACTURE, MONTANT_TOTAL_FACTURE, DATE_FACTURE, ID_RESERVATION)
VALUES (9, 780.00, TO_TIMESTAMP('2024-10-13 14:00:00', 'YYYY-MM-DD HH24:MI:SS'), 9);

INSERT INTO FACTURE (ID_FACTURE, MONTANT_TOTAL_FACTURE, DATE_FACTURE, ID_RESERVATION)
VALUES (10, 380.00, TO_TIMESTAMP('2024-10-14 19:15:00', 'YYYY-MM-DD HH24:MI:SS'), 10);

INSERT INTO FACTURE (ID_FACTURE, MONTANT_TOTAL_FACTURE, DATE_FACTURE, ID_RESERVATION)
VALUES (11, 840.00, TO_TIMESTAMP('2024-10-15 08:30:00', 'YYYY-MM-DD HH24:MI:SS'), 11);

INSERT INTO FACTURE (ID_FACTURE, MONTANT_TOTAL_FACTURE, DATE_FACTURE, ID_RESERVATION)
VALUES (12, 350.00, TO_TIMESTAMP('2024-10-16 12:00:00', 'YYYY-MM-DD HH24:MI:SS'), 12);

INSERT INTO FACTURE (ID_FACTURE, MONTANT_TOTAL_FACTURE, DATE_FACTURE, ID_RESERVATION)
VALUES (13, 528.75, TO_TIMESTAMP('2024-10-17 17:45:00', 'YYYY-MM-DD HH24:MI:SS'), 13);

INSERT INTO FACTURE (ID_FACTURE, MONTANT_TOTAL_FACTURE, DATE_FACTURE, ID_RESERVATION)
VALUES (14, 358.50, TO_TIMESTAMP('2024-10-18 10:00:00', 'YYYY-MM-DD HH24:MI:SS'), 14);

INSERT INTO FACTURE (ID_FACTURE, MONTANT_TOTAL_FACTURE, DATE_FACTURE, ID_RESERVATION)
VALUES (15, 320.00, TO_TIMESTAMP('2024-10-19 13:45:00', 'YYYY-MM-DD HH24:MI:SS'), 15);

// Insertion des paiements effectués dans la table PAIEMENT

INSERT INTO PAIEMENT (ID_PAIEMENT, ID_FACTURE, ID_CLIENT, MONTANT_PAIEMENT, DATE_PAIEMENT)
VALUES (1, 1, 1, 500.00, TO_TIMESTAMP('2024-10-05 14:30:00', 'YYYY-MM-DD HH24:MI:SS'));

INSERT INTO PAIEMENT (ID_PAIEMENT, ID_FACTURE, ID_CLIENT, MONTANT_PAIEMENT, DATE_PAIEMENT)
VALUES (2, 2, 2, 400.00, TO_TIMESTAMP('2024-10-06 15:00:00', 'YYYY-MM-DD HH24:MI:SS'));

INSERT INTO PAIEMENT (ID_PAIEMENT, ID_FACTURE, ID_CLIENT, MONTANT_PAIEMENT, DATE_PAIEMENT)
VALUES (3, 3, 3, 490.00, TO_TIMESTAMP('2024-10-07 09:45:00', 'YYYY-MM-DD HH24:MI:SS'));

INSERT INTO PAIEMENT (ID_PAIEMENT, ID_FACTURE, ID_CLIENT, MONTANT_PAIEMENT, DATE_PAIEMENT)
VALUES (4, 4, 4, 420.75, TO_TIMESTAMP('2024-10-08 18:15:00', 'YYYY-MM-DD HH24:MI:SS'));

INSERT INTO PAIEMENT (ID_PAIEMENT, ID_FACTURE, ID_CLIENT, MONTANT_PAIEMENT, DATE_PAIEMENT)
VALUES (5, 5, 5, 392.00, TO_TIMESTAMP('2024-10-09 13:30:00', 'YYYY-MM-DD HH24:MI:SS'));

INSERT INTO PAIEMENT (ID_PAIEMENT, ID_FACTURE, ID_CLIENT, MONTANT_PAIEMENT, DATE_PAIEMENT)
VALUES (6, 6, 6, 840.00, TO_TIMESTAMP('2024-10-10 10:20:00', 'YYYY-MM-DD HH24:MI:SS'));

INSERT INTO PAIEMENT (ID_PAIEMENT, ID_FACTURE, ID_CLIENT, MONTANT_PAIEMENT, DATE_PAIEMENT)
VALUES (7, 7, 7, 367.50, TO_TIMESTAMP('2024-10-11 16:45:00', 'YYYY-MM-DD HH24:MI:SS'));

INSERT INTO PAIEMENT (ID_PAIEMENT, ID_FACTURE, ID_CLIENT, MONTANT_PAIEMENT, DATE_PAIEMENT)
VALUES (8, 8, 8, 340.00, TO_TIMESTAMP('2024-10-12 11:30:00', 'YYYY-MM-DD HH24:MI:SS'));

INSERT INTO PAIEMENT (ID_PAIEMENT, ID_FACTURE, ID_CLIENT, MONTANT_PAIEMENT, DATE_PAIEMENT)
VALUES (9, 9, 9, 780.00, TO_TIMESTAMP('2024-10-13 14:00:00', 'YYYY-MM-DD HH24:MI:SS'));

INSERT INTO PAIEMENT (ID_PAIEMENT, ID_FACTURE, ID_CLIENT, MONTANT_PAIEMENT, DATE_PAIEMENT)
VALUES (10, 10, 10, 380.00, TO_TIMESTAMP('2024-10-14 19:15:00', 'YYYY-MM-DD HH24:MI:SS'));

INSERT INTO PAIEMENT (ID_PAIEMENT, ID_FACTURE, ID_CLIENT, MONTANT_PAIEMENT, DATE_PAIEMENT)
VALUES (11, 11, 11, 840.00, TO_TIMESTAMP('2024-10-15 08:30:00', 'YYYY-MM-DD HH24:MI:SS'));

INSERT INTO PAIEMENT (ID_PAIEMENT, ID_FACTURE, ID_CLIENT, MONTANT_PAIEMENT, DATE_PAIEMENT)
VALUES (12, 12, 12, 350.00, TO_TIMESTAMP('2024-10-16 12:00:00', 'YYYY-MM-DD HH24:MI:SS'));

INSERT INTO PAIEMENT (ID_PAIEMENT, ID_FACTURE, ID_CLIENT, MONTANT_PAIEMENT, DATE_PAIEMENT)
VALUES (13, 13, 13, 528.75, TO_TIMESTAMP('2024-10-17 17:45:00', 'YYYY-MM-DD HH24:MI:SS'));

INSERT INTO PAIEMENT (ID_PAIEMENT, ID_FACTURE, ID_CLIENT, MONTANT_PAIEMENT, DATE_PAIEMENT)
VALUES (14, 14, 14, 358.50, TO_TIMESTAMP('2024-10-18 10:00:00', 'YYYY-MM-DD HH24:MI:SS'));

INSERT INTO PAIEMENT (ID_PAIEMENT, ID_FACTURE, ID_CLIENT, MONTANT_PAIEMENT, DATE_PAIEMENT)
VALUES (15, 15, 15, 320.00, TO_TIMESTAMP('2024-10-19 13:45:00', 'YYYY-MM-DD HH24:MI:SS'));

// Mettre en relation les tables CHAMBRE et Reservation

-- Chambre 2 réservée dans la réservation 1
INSERT INTO PEUT_ETRE_RESERVE (ID_CHAMBRE, ID_RESERVATION)
VALUES (2, 1);

-- Chambre 1 réservée dans la réservation 2
INSERT INTO PEUT_ETRE_RESERVE (ID_CHAMBRE, ID_RESERVATION)
VALUES (1, 2);

-- Chambre 14 réservée dans la réservation 3
INSERT INTO PEUT_ETRE_RESERVE (ID_CHAMBRE, ID_RESERVATION)
VALUES (14, 3);

-- Chambre 12 réservée dans la réservation 4
INSERT INTO PEUT_ETRE_RESERVE (ID_CHAMBRE, ID_RESERVATION)
VALUES (12, 4);

-- Chambre 20 réservée dans la réservation 5
INSERT INTO PEUT_ETRE_RESERVE (ID_CHAMBRE, ID_RESERVATION)
VALUES (20, 5);

-- Chambre 19 réservée dans la réservation 6
INSERT INTO PEUT_ETRE_RESERVE (ID_CHAMBRE, ID_RESERVATION)
VALUES (19, 6);

-- Chambre 16 réservée dans la réservation 7
INSERT INTO PEUT_ETRE_RESERVE (ID_CHAMBRE, ID_RESERVATION)
VALUES (16, 7);

-- Chambre 17 réservée dans la réservation 8
INSERT INTO PEUT_ETRE_RESERVE (ID_CHAMBRE, ID_RESERVATION)
VALUES (17, 8);

-- Chambre 11 réservée dans la réservation 9
INSERT INTO PEUT_ETRE_RESERVE (ID_CHAMBRE, ID_RESERVATION)
VALUES (11, 9);

-- Chambre 8 réservée dans la réservation 10
INSERT INTO PEUT_ETRE_RESERVE (ID_CHAMBRE, ID_RESERVATION)
VALUES (8, 10);

-- Chambre 7 réservée dans la réservation 11
INSERT INTO PEUT_ETRE_RESERVE (ID_CHAMBRE, ID_RESERVATION)
VALUES (7, 11);

-- Chambre 5 réservée dans la réservation 12
INSERT INTO PEUT_ETRE_RESERVE (ID_CHAMBRE, ID_RESERVATION)
VALUES (5, 12);

-- Chambre 18 réservée dans la réservation 13
INSERT INTO PEUT_ETRE_RESERVE (ID_CHAMBRE, ID_RESERVATION)
VALUES (18, 13);

-- Chambre 13 réservée dans la réservation 14
INSERT INTO PEUT_ETRE_RESERVE (ID_CHAMBRE, ID_RESERVATION)
VALUES (13, 14);

-- Chambre 9 réservée dans la réservation 15
INSERT INTO PEUT_ETRE_RESERVE (ID_CHAMBRE, ID_RESERVATION)
VALUES (9, 15);

// Inserer des utilisateurs dans la table UTILISATEUR

INSERT INTO UTILISATEUR (ID_UTILISATEUR, ROLE_UTILISATEUR, MOT_DE_PASSE) VALUES (1, 'Admin', 'Admin123');
INSERT INTO UTILISATEUR (ID_UTILISATEUR, ROLE_UTILISATEUR, MOT_DE_PASSE) VALUES (2, 'Receptionniste', 'Receptionpass456@');
INSERT INTO UTILISATEUR (ID_UTILISATEUR, ROLE_UTILISATEUR, MOT_DE_PASSE) VALUES (3, 'Gestionnaire', 'GestionPass789!');
INSERT INTO UTILISATEUR (ID_UTILISATEUR, ROLE_UTILISATEUR, MOT_DE_PASSE) VALUES (4, 'Admin', 'AdminPass999!');
INSERT INTO UTILISATEUR (ID_UTILISATEUR, ROLE_UTILISATEUR, MOT_DE_PASSE) VALUES (5, 'Receptionniste', 'Reception123!');
INSERT INTO UTILISATEUR (ID_UTILISATEUR, ROLE_UTILISATEUR, MOT_DE_PASSE) VALUES (6, 'Gestionnaire', 'GestionPass456!');
INSERT INTO UTILISATEUR (ID_UTILISATEUR, ROLE_UTILISATEUR, MOT_DE_PASSE) VALUES (7, 'Admin', 'AdminSecure1!');
INSERT INTO UTILISATEUR (ID_UTILISATEUR, ROLE_UTILISATEUR, MOT_DE_PASSE) VALUES (8, 'Receptionniste', 'Reception789!');
INSERT INTO UTILISATEUR (ID_UTILISATEUR, ROLE_UTILISATEUR, MOT_DE_PASSE) VALUES (9, 'Gestionnaire', 'GestionManager01!');
INSERT INTO UTILISATEUR (ID_UTILISATEUR, ROLE_UTILISATEUR, MOT_DE_PASSE) VALUES (10, 'Admin', 'AdminPass2024!');
INSERT INTO UTILISATEUR (ID_UTILISATEUR, ROLE_UTILISATEUR, MOT_DE_PASSE) VALUES (11, 'Receptionniste', 'ReceptionSecure1!');
INSERT INTO UTILISATEUR (ID_UTILISATEUR, ROLE_UTILISATEUR, MOT_DE_PASSE) VALUES (12, 'Gestionnaire', 'GestionPass2024!');
INSERT INTO UTILISATEUR (ID_UTILISATEUR, ROLE_UTILISATEUR, MOT_DE_PASSE) VALUES (13, 'Admin', 'Admin12345!');
INSERT INTO UTILISATEUR (ID_UTILISATEUR, ROLE_UTILISATEUR, MOT_DE_PASSE) VALUES (14, 'Receptionniste', 'Reception456!');
INSERT INTO UTILISATEUR (ID_UTILISATEUR, ROLE_UTILISATEUR, MOT_DE_PASSE) VALUES (15, 'Gestionnaire', 'Gestion789!');
INSERT INTO UTILISATEUR (ID_UTILISATEUR, ROLE_UTILISATEUR, MOT_DE_PASSE) VALUES (16, 'Admin', 'AdminPassSecure!');
INSERT INTO UTILISATEUR (ID_UTILISATEUR, ROLE_UTILISATEUR, MOT_DE_PASSE) VALUES (17, 'Receptionniste', 'ReceptionAdmin01!');
INSERT INTO UTILISATEUR (ID_UTILISATEUR, ROLE_UTILISATEUR, MOT_DE_PASSE) VALUES (18, 'Gestionnaire', 'GestionAdminSecure1!');
INSERT INTO UTILISATEUR (ID_UTILISATEUR, ROLE_UTILISATEUR, MOT_DE_PASSE) VALUES (19, 'Admin', 'AdminSecure999!');
INSERT INTO UTILISATEUR (ID_UTILISATEUR, ROLE_UTILISATEUR, MOT_DE_PASSE) VALUES (20, 'Receptionniste', 'ReceptionAdmin2024!');